,id,link,gia_tien,RAM,ROM,CPU,Man_hinh,camera_sau,camera_truoc,kich_thuoc,radio,thoi_diem ra mat,rating,ghi_am
0,232364,https://www.dienmayxanh.com/dien-thoai/samsung-galaxy-a12-6gb,4.490.000₫ ,6 GB,128 GB,MediaTek Helio G35 8 nhân,PLS TFT LCD,"Chính 48 MP & Phụ 5 MP, 2 MP, 2 MP",8 MP,Dài 164 mm - Ngang 75.8 mm - Dày 8.9 mm,Đang cập nhật,12/2020,2.6666666666666665,
1,220654,https://www.dienmayxanh.com/dien-thoai/oppo-a92,5.590.000₫,8 GB,128 GB,Snapdragon 665 8 nhân,TFT LCD,"Chính 48 MP & Phụ 8 MP, 2 MP, 2 MP",16 MP,Dài 162 mm - Ngang 75.5 mm - Dày 8.9 mm,Có,05/2020,3.4895833333333335,Có
2,213031,https://www.dienmayxanh.com/dien-thoai/iphone-12,19.290.000₫,4 GB,64 GB,Apple A14 Bionic 6 nhân,OLED,2 camera 12 MP,12 MP,Dài 146.7 mm - Ngang 71.5 mm - Dày 7.4 mm,,10/2020,5.0,Có (microphone chuyên dụng chống ồn)
3,217308,https://www.dienmayxanh.com/dien-thoai/xiaomi-redmi-9,3.590.000₫,4 GB,64 GB,MediaTek Helio G80 8 nhân,IPS LCD,"Chính 13 MP & Phụ 8 MP, 5 MP, 2 MP",8 MP,Dài 163.32 mm - Ngang 77.1 mm - Dày 9.1 mm,Có,06/2020,4.1466666666666665,Có (microphone chuyên dụng chống ồn)
4,225380,https://www.dienmayxanh.com/dien-thoai/iphone-12-mini,16.890.000₫,4 GB,64 GB,Apple A14 Bionic 6 nhân,OLED,2 camera 12 MP,12 MP,Dài 131.5 mm - Ngang 64.2 mm - Dày 7.4 mm,,10/2020,3.6666666666666665,Có (microphone chuyên dụng chống ồn)
5,230525,https://www.dienmayxanh.com/dien-thoai/samsung-galaxy-a02s,3.190.000₫,3 GB,32 GB,Snapdragon 450 8 nhân,PLS TFT LCD,"Chính 13 MP & Phụ 2 MP, 2 MP",5 MP,Dài 164.2 mm - Ngang 75.9 mm - Dày 9.1 mm,Đang cập nhật,12/2020,5.0,
6,227681,https://www.dienmayxanh.com/dien-thoai/realme-c17,4.760.000₫,6 GB,128 GB,Snapdragon 460 8 nhân,IPS LCD,"Chính 13 MP & Phụ 8 MP, 2 MP, 2 MP",8 MP,Dài 164.1 mm - Ngang 75.5 mm - Dày 8.9 mm,Có,11/2020,4.8076923076923075,Có
7,229947,https://www.dienmayxanh.com/dien-thoai/vivo-y12s,3.190.000₫,3 GB,32 GB,MediaTek Helio P35 8 nhân,IPS LCD,Chính 13 MP & Phụ 2 MP,8 MP,Dài 164.41 mm - Ngang 76.32 mm - Dày 8.41 mm,Có,10/2020,3.892857142857143,Có
8,232668,https://www.dienmayxanh.com/dien-thoai/samsung-galaxy-z-fold2-5g-dac-biet,,,,,,,,,,,0.0,
9,226099,https://www.dienmayxanh.com/dien-thoai/samsung-galaxy-z-fold-2,36.000.000₫ ,12 GB,256 GB,Snapdragon 865+ 8 nhân,"Chính: Dynamic AMOLED, Phụ: Super AMOLED",3 camera 12 MP,10 MP,Mở: Dài 159.2 mm - Ngang 128.2 mm - Dày 6.9 mm; Gập: Dài 159.2 mm - Ngang 68 mm - Dày 16.8 mm,,09/2020,4.928571428571429,
10,228744,https://www.dienmayxanh.com/dien-thoai/iphone-12-pro-max-512gb,39.990.000₫ ,6 GB,512 GB,Apple A14 Bionic 6 nhân,OLED,3 camera 12 MP,12 MP,Dài 160.8 mm - Ngang 78.1 mm - Dày 7.4 mm,,10/2020,4.0,Có (microphone chuyên dụng chống ồn)
11,228739,https://www.dienmayxanh.com/dien-thoai/iphone-12-pro-512gb,33.990.000₫ ,6 GB,512 GB,Apple A14 Bionic 6 nhân,OLED,3 camera 12 MP,12 MP,Dài 146.7 mm - Ngang 71.5 mm - Dày 7.4 mm,,10/2020,0.0,Có (microphone chuyên dụng chống ồn)
12,210654,https://www.dienmayxanh.com/dien-thoai/iphone-11-pro-max-512gb,39.990.000₫ ,4 GB,512 GB,Apple A13 Bionic 6 nhân,OLED,3 camera 12 MP,12 MP,Dài 158 mm - Ngang 77.8 mm - Dày 8.1 mm,,11/2019,3.347826086956522,Có (microphone chuyên dụng chống ồn)
13,228743,https://www.dienmayxanh.com/dien-thoai/iphone-12-pro-max-256gb,34.990.000₫ ,6 GB,256 GB,Apple A14 Bionic 6 nhân,OLED,3 camera 12 MP,12 MP,Dài 160.8 mm - Ngang 78.1 mm - Dày 7.4 mm,,10/2020,5.0,Có (microphone chuyên dụng chống ồn)
14,213022,https://www.dienmayxanh.com/dien-thoai/samsung-galaxy-z-flip,30.990.000₫,8 GB,256 GB,Snapdragon 855+ 8 nhân,"Chính: Dynamic AMOLED, Phụ: Super AMOLED",2 camera 12 MP,10 MP,Dài 167.3 mm - Ngang 73.6 mm - Dày 7.2 mm,,02/2020,4.166666666666667,Có (microphone chuyên dụng chống ồn)
15,228738,https://www.dienmayxanh.com/dien-thoai/iphone-12-pro-256gb,35.990.000₫,6 GB,256 GB,Apple A14 Bionic 6 nhân,OLED,3 camera 12 MP,12 MP,Dài 146.7 mm - Ngang 71.5 mm - Dày 7.4 mm,,10/2020,4.0,Có (microphone chuyên dụng chống ồn)
16,213033,https://www.dienmayxanh.com/dien-thoai/iphone-12-pro-max,26.990.000₫,6 GB,128 GB,Apple A14 Bionic 6 nhân,OLED,3 camera 12 MP,12 MP,Dài 160.8 mm - Ngang 78.1 mm - Dày 7.4 mm,,10/2020,4.9,Có (microphone chuyên dụng chống ồn)
17,230867,https://www.dienmayxanh.com/dien-thoai/samsung-galaxy-note-20-ultra-5g-trang,30.990.000₫,12 GB,256 GB,Exynos 990 8 nhân,Dynamic AMOLED 2X,"Chính 108 MP & Phụ 12 MP, 12 MP, cảm biến Laser AF",10 MP,Dài 164.8 mm - Ngang 77.2 mm - Dày 8.1 mm,,11/2020,5.0,Có (microphone chuyên dụng chống ồn)
18,225063,https://www.dienmayxanh.com/dien-thoai/samsung-galaxy-note-20-ultra-5g,30.990.000₫,12 GB,256 GB,Exynos 990 8 nhân,Dynamic AMOLED 2X,"Chính 108 MP & Phụ 12 MP, 12 MP, cảm biến Laser AF",10 MP,Dài 164.8 mm - Ngang 77.2 mm - Dày 8.1 mm,,08/2020,4.086956521739131,Có (microphone chuyên dụng chống ồn)
19,210655,https://www.dienmayxanh.com/dien-thoai/iphone-11-pro-256gb,26.990.000₫,4 GB,256 GB,Apple A13 Bionic 6 nhân,OLED,3 camera 12 MP,12 MP,Dài 144 mm - Ngang 71.4 mm - Dày 8.1 mm,,11/2019,3.5,Có (microphone chuyên dụng chống ồn)
20,213032,https://www.dienmayxanh.com/dien-thoai/iphone-12-pro,26.990.000₫,6 GB,128 GB,Apple A14 Bionic 6 nhân,OLED,3 camera 12 MP,12 MP,Dài 146.7 mm - Ngang 71.5 mm - Dày 7.4 mm,,10/2020,5.0,Có (microphone chuyên dụng chống ồn)
21,220522,https://www.dienmayxanh.com/dien-thoai/samsung-galaxy-note-20-ultra,30.990.000₫,8 GB,256 GB,Exynos 990 8 nhân,Dynamic AMOLED 2X,"Chính 108 MP & Phụ 12 MP, 12 MP, cảm biến Laser AF",10 MP,Dài 164.8 mm - Ngang 77.2 mm - Dày 8.1 mm,,08/2020,4.361702127659575,Có (microphone chuyên dụng chống ồn)
22,228737,https://www.dienmayxanh.com/dien-thoai/iphone-12-256gb,24.990.000₫,4 GB,256 GB,Apple A14 Bionic 6 nhân,OLED,2 camera 12 MP,12 MP,Dài 146.7 mm - Ngang 71.5 mm - Dày 7.4 mm,,10/2020,1.0,Có (microphone chuyên dụng chống ồn)
23,228736,https://www.dienmayxanh.com/dien-thoai/iphone-12-128gb,23.990.000₫,4 GB,128 GB,Apple A14 Bionic 6 nhân,OLED,2 camera 12 MP,12 MP,Dài 146.7 mm - Ngang 71.5 mm - Dày 7.4 mm,,10/2020,3.25,Có (microphone chuyên dụng chống ồn)
24,228742,https://www.dienmayxanh.com/dien-thoai/iphone-12-mini-256gb,20.390.000₫,4 GB,256 GB,Apple A14 Bionic 6 nhân,OLED,2 camera 12 MP,12 MP,Dài 131.5 mm - Ngang 64.2 mm - Dày 7.4 mm,,10/2020,0.0,Có (microphone chuyên dụng chống ồn)
25,217936,https://www.dienmayxanh.com/dien-thoai/samsung-galaxy-s20-plus,22.990.000₫,8 GB,128 GB,Exynos 990 8 nhân,Dynamic AMOLED 2X,"Chính 12 MP & Phụ 64 MP, 12 MP, TOF 3D",10 MP,Dài 161.9 mm - Ngang 73.7 mm - Dày 7.8 mm,,02/2020,3.8354430379746836,Có (microphone chuyên dụng chống ồn)
26,218355,https://www.dienmayxanh.com/dien-thoai/samsung-galaxy-note-20,22.990.000₫,8 GB,256 GB,Exynos 990 8 nhân,Super AMOLED Plus,"Chính 12 MP & Phụ 64 MP, 12 MP",10 MP,Dài 161.6 mm - Ngang 72.5 mm - Dày 8.3 mm,,08/2020,3.5348837209302326,Có (microphone chuyên dụng chống ồn)
27,228741,https://www.dienmayxanh.com/dien-thoai/iphone-12-mini-128gb,21.990.000₫,4 GB,128 GB,Apple A14 Bionic 6 nhân,OLED,2 camera 12 MP,12 MP,Dài 131.5 mm - Ngang 64.2 mm - Dày 7.4 mm,,10/2020,3.0,Có (microphone chuyên dụng chống ồn)
28,198150,https://www.dienmayxanh.com/dien-thoai/oppo-find-x2,21.990.000₫,12 GB,256 GB,Snapdragon 865 8 nhân,AMOLED,"Chính 48 MP & Phụ 13 MP, 12 MP",32 MP,Dài 164.9 mm - Ngang 74.5 mm - Dày 8 mm,,03/2020,4.657894736842105,Có (microphone chuyên dụng chống ồn)
29,214638,https://www.dienmayxanh.com/dien-thoai/oneplus-8-pro,21.990.000₫,12 GB,256 GB,Snapdragon 865 8 nhân,AMOLED,"Chính 48 MP & Phụ 48 MP, 8 MP, 5 MP",16 MP,Dài 165.3 mm - Ngang 74.3 mm - Dày 8.5 mm,,08/2020,4.785714285714286,Có
30,210648,https://www.dienmayxanh.com/dien-thoai/iphone-11-256gb,20.390.000₫,4 GB,256 GB,Apple A13 Bionic 6 nhân,IPS LCD,2 camera 12 MP,12 MP,Dài 150.9 mm - Ngang 75.7 mm - Dày 8.3 mm,,11/2019,5.0,Có (microphone chuyên dụng chống ồn)
31,210644,https://www.dienmayxanh.com/dien-thoai/iphone-11-128gb,21.990.000₫,4 GB,128 GB,Apple A13 Bionic 6 nhân,IPS LCD,2 camera 12 MP,12 MP,Dài 150.9 mm - Ngang 75.7 mm - Dày 8.3 mm,,11/2019,4.095238095238095,Có (microphone chuyên dụng chống ồn)
32,217935,https://www.dienmayxanh.com/dien-thoai/samsung-galaxy-s20,17.990.000₫,8 GB,128 GB,Exynos 990 8 nhân,Dynamic AMOLED 2X,"Chính 12 MP & Phụ 64 MP, 12 MP",10 MP,Dài 151.7 mm - Ngang 69.1 mm - Dày 7.9 mm,,02/2020,4.25,Có (microphone chuyên dụng chống ồn)
33,223290,https://www.dienmayxanh.com/dien-thoai/vivo-x50-pro,17.490.000₫,8 GB,256 GB,Snapdragon 765G 8 nhân,AMOLED,"Chính 48 MP & Phụ 13 MP, 8 MP, 8 MP",32 MP,Dài 158.46 mm - Ngang 72.8 mm - Dày 8.04 mm,,07/2020,2.7333333333333334,Có
34,153856,https://www.dienmayxanh.com/dien-thoai/iphone-11,19.290.000₫,4 GB,64 GB,Apple A13 Bionic 6 nhân,IPS LCD,2 camera 12 MP,12 MP,Dài 150.9 mm - Ngang 75.7 mm - Dày 8.3 mm,,11/2019,3.978723404255319,Có (microphone chuyên dụng chống ồn)
35,226460,https://www.dienmayxanh.com/dien-thoai/oneplus-8t,16.490.000₫,12 GB,256 GB,Snapdragon 865 8 nhân,AMOLED,"Chính 48 MP & Phụ 16 MP, 5 MP, 2 MP",16 MP,Dài 160.7 mm - Ngang 74.1 mm - Dày 8.4 mm,,10/2020,4.555555555555555,Có
36,190323,https://www.dienmayxanh.com/dien-thoai/iphone-xs,16.890.000₫,4 GB,64 GB,Apple A12 Bionic 6 nhân,OLED,2 camera 12 MP,7 MP,Dài 143.6 mm - Ngang 70.9 mm - Dày 7.7 mm,,11/2018,3.4272727272727272,Có (microphone chuyên dụng chống ồn)
37,206176,https://www.dienmayxanh.com/dien-thoai/samsung-galaxy-note-10-plus,17.490.000₫,12 GB,256 GB,Exynos 9825 8 nhân,Dynamic AMOLED,"Chính 12 MP & Phụ 12 MP, 16 MP, TOF 3D",10 MP,Dài 162.3 mm - Ngang 77.2 mm - Dày 7.9 mm,,08/2019,4.117647058823529,Có (microphone chuyên dụng chống ồn)
38,230411,https://www.dienmayxanh.com/dien-thoai/iphone-se-256gb-2020-hop-moi,13.990.000₫,3 GB,256 GB,Apple A13 Bionic 6 nhân,IPS LCD,12 MP,7 MP,Dài 138.4 mm - Ngang 67.3 mm - Dày 7.3 mm,,10/2020,0.0,Có
39,222631,https://www.dienmayxanh.com/dien-thoai/iphone-se-256gb-2020,11.790.000₫,3 GB,256 GB,Apple A13 Bionic 6 nhân,IPS LCD,12 MP,7 MP,Dài 138.4 mm - Ngang 67.3 mm - Dày 7.3 mm,,06/2020,4.0,Có
40,224859,https://www.dienmayxanh.com/dien-thoai/samsung-galaxy-s20-fan-edition,13.490.000₫,8 GB,128 GB,Exynos 990 8 nhân,Super AMOLED,"Chính 12 MP & Phụ 12 MP, 8 MP",32 MP,Dài 159.8 mm - Ngang 74.5 mm - Dày 8.4 mm,,09/2020,1.5,
41,194251,https://www.dienmayxanh.com/dien-thoai/samsung-galaxy-s10-lite,8.490.000₫,8 GB,128 GB,Snapdragon 855 8 nhân,Super AMOLED,"Chính 48 MP & Phụ 12 MP, 5 MP",32 MP,Dài 162.5 mm - Ngang 75.6 mm - Dày 8.1 mm,,02/2020,3.7037037037037037,Có (microphone chuyên dụng chống ồn)
42,190325,https://www.dienmayxanh.com/dien-thoai/iphone-xr,480.000₫ ,3 GB,64 GB,Apple A12 Bionic 6 nhân,IPS LCD,12 MP,7 MP,Dài 150.9 mm - Ngang 75.7 mm - Dày 8.3 mm,,11/2018,4.386666666666667,Có (microphone chuyên dụng chống ồn)
43,216172,https://www.dienmayxanh.com/dien-thoai/oppo-reno3-pro,12.490.000₫,8 GB,256 GB,MediaTek Helio P95 8 nhân,Sunlight Super AMOLED,"Chính 64 MP & Phụ 13 MP, 8 MP, 2 MP",Chính 44 MP & Phụ 2 MP,Dài 158.8 mm - Ngang 73.4 mm - Dày 8.1 mm,Có,04/2020,3.3225806451612905,Có (microphone chuyên dụng chống ồn)
44,225535,https://www.dienmayxanh.com/dien-thoai/oneplus-nord-5g,8.490.000₫,12 GB,256 GB,Snapdragon 765G 8 nhân,Fluid AMOLED,"Chính 48 MP & Phụ 8 MP, 5 MP, 2 MP",Chính 32 MP & Phụ 8 MP,Dài 158.2 mm - Ngang 73.2 mm - Dày 8.2 mm,,08/2020,3.7142857142857144,Có
45,222629,https://www.dienmayxanh.com/dien-thoai/iphone-se-128gb-2020,11.790.000₫,3 GB,128 GB,Apple A13 Bionic 6 nhân,IPS LCD,12 MP,7 MP,Dài 138.4 mm - Ngang 67.3 mm - Dày 7.3 mm,,06/2020,4.666666666666667,Có
46,230412,https://www.dienmayxanh.com/dien-thoai/iphone-se-128gb-2020-hop-moi,13.990.000₫,3 GB,128 GB,Apple A13 Bionic 6 nhân,IPS LCD,12 MP,7 MP,Dài 138.4 mm - Ngang 67.3 mm - Dày 7.3 mm,,10/2020,2.0,Có
47,219898,https://www.dienmayxanh.com/dien-thoai/nokia-83,12.990.000₫ ,8 GB,128 GB,Snapdragon 765G 8 nhân,LCD,"Chính 64 MP & Phụ 12 MP, 2 MP, 2 MP",24 MP,Dài 171.9 mm - Ngang 78.56 mm - Dày 8.99 mm,Có,10/2020,4.041666666666667,
48,228136,https://www.dienmayxanh.com/dien-thoai/xiaomi-mi-10t-pro,9.490.000₫,8 GB,256 GB,Snapdragon 865 8 nhân,IPS LCD,"Chính 108 MP & Phụ 13 MP, 5 MP",20 MP,Dài 165.1 mm - Ngang 76.4 mm - Dày 9.33 mm,,09/2020,3.573170731707317,Có
49,149456,https://www.dienmayxanh.com/dien-thoai/iphone-se-2020,10.490.000₫,3 GB,64 GB,Apple A13 Bionic 6 nhân,IPS LCD,12 MP,7 MP,Dài 138.4 mm - Ngang 67.3 mm - Dày 7.3 mm,,06/2020,3.938775510204082,Có
50,230410,https://www.dienmayxanh.com/dien-thoai/iphone-se-64gb-2020-hop-moi,4.690.000₫ ,3 GB,64 GB,Apple A13 Bionic 6 nhân,IPS LCD,12 MP,7 MP,Dài 138.4 mm - Ngang 67.3 mm - Dày 7.3 mm,,10/2020,1.0,Có
51,223497,https://www.dienmayxanh.com/dien-thoai/oppo-reno4-pro,11.490.000₫ ,8 GB,256 GB,Snapdragon 720G 8 nhân,AMOLED,"Chính 48 MP & Phụ 8 MP, 2 MP, 2 MP",32 MP,Dài 160.3 mm - Ngang 73.9 mm - Dày 7.7 mm,Có,07/2020,4.173913043478261,Có
52,214909,https://www.dienmayxanh.com/dien-thoai/samsung-galaxy-note-10-lite,11.990.000₫ ,8 GB,128 GB,Exynos 9810 8 nhân,Super AMOLED,3 camera 12 MP,32 MP,Dài 163.7 mm - Ngang 76.1 mm - Dày 8.7 mm,Có,01/2020,3.049382716049383,Có (microphone chuyên dụng chống ồn)
53,210246,https://www.dienmayxanh.com/dien-thoai/samsung-galaxy-a71,8.990.000₫,8 GB,128 GB,Snapdragon 730 8 nhân,Super AMOLED,"Chính 64 MP & Phụ 12 MP, 5 MP, 5 MP",32 MP,Dài 163.6 mm - Ngang 76 mm - Dày 7.7 mm,Có,01/2020,3.448202959830867,Có (microphone chuyên dụng chống ồn)
54,87837,https://www.dienmayxanh.com/dien-thoai/iphone-7-128gb,11.790.000₫,2 GB,128 GB,Apple A10 Fusion 4 nhân,LED-backlit IPS LCD,12 MP,7 MP,Dài 138.3 mm - Ngang 67.1 mm - Dày 7.1 mm,,11/2016,3.388888888888889,Có (microphone chuyên dụng chống ồn)
55,228531,https://www.dienmayxanh.com/dien-thoai/vsmart-aris-pro,9.490.000₫ ,8 GB,128 GB,Snapdragon 730 8 nhân,AMOLED,"Chính 64 MP & Phụ 8 MP, 8 MP, 2 MP",20 MP,Dài 156.2 mm - Ngang 75.04 mm - Dày 8.55 mm,Có,09/2020,4.277777777777778,Có
56,217536,https://www.dienmayxanh.com/dien-thoai/samsung-galaxy-m51,8.490.000₫,8 GB,128 GB,Snapdragon 730 8 nhân,Super AMOLED Plus,"Chính 64 MP & Phụ 12 MP, 5 MP, 5 MP",32 MP,Dài 163.9 mm - Ngang 76.3 mm - Dày 9.5 mm,Có,10/2020,4.025773195876289,Có
57,195012,https://www.dienmayxanh.com/dien-thoai/samsung-galaxy-a70,7.990.000₫ ,6 GB,128 GB,Snapdragon 675 8 nhân,Super AMOLED,"Chính 32 MP & Phụ 8 MP, 5 MP",32 MP,Dài 164.3 mm - Ngang 76.7 mm - Dày 7.9 mm,Có,04/2019,3.090909090909091,Có (microphone chuyên dụng chống ồn)
58,74110,https://www.dienmayxanh.com/dien-thoai/iphone-7,10.490.000₫,2 GB,32 GB,Apple A10 Fusion 4 nhân,LED-backlit IPS LCD,12 MP,7 MP,Dài 138.3 mm - Ngang 67.1 mm - Dày 7.1 mm,,11/2016,4.27710843373494,Có (microphone chuyên dụng chống ồn)
59,227689,https://www.dienmayxanh.com/dien-thoai/realme-7-pro,7.490.000₫,8 GB,128 GB,Snapdragon 720G 8 nhân,Super AMOLED,"Chính 64 MP & Phụ 8 MP, 2 MP, 2 MP",32 MP,Dài 160.9 mm - Ngang 74.3 mm - Dày 8.7 mm,,09/2020,4.338235294117647,Có (microphone chuyên dụng chống ồn)
60,217859,https://www.dienmayxanh.com/dien-thoai/vivo-v19,8.490.000₫,8 GB,128 GB,Snapdragon 712 8 nhân,Super AMOLED,"Chính 48 MP & Phụ 8 MP, 2 MP, 2 MP",Chính 32 MP & Phụ 8 MP,Dài 159.64 mm - Ngang 75.04 mm - Dày 8.5 mm,,04/2020,3.8333333333333335,Có (microphone chuyên dụng chống ồn)
61,220438,https://www.dienmayxanh.com/dien-thoai/oppo-reno5,,,,,,,,,,,3.5,
62,228453,https://www.dienmayxanh.com/dien-thoai/vivo-v20,8.490.000₫ ,8 GB,128 GB,Snapdragon 720G 8 nhân,AMOLED,"Chính 64 MP & Phụ 8 MP, 2 MP",44 MP,Dài 161.3 mm - Ngang 74.2 mm - Dày 7.38 mm,Có,09/2020,4.265060240963855,Có
63,222596,https://www.dienmayxanh.com/dien-thoai/oppo-reno4,7.990.000₫,8 GB,128 GB,Snapdragon 720G 8 nhân,AMOLED,"Chính 48 MP & Phụ 8 MP, 2 MP, 2 MP",Chính 32 MP & Phụ cảm biến thông minh A.I,Dài 160.3 mm - Ngang 73.9 mm - Dày 7.7 mm,Có,07/2020,3.779220779220779,Có
64,220903,https://www.dienmayxanh.com/dien-thoai/samsung-galaxy-a51-8gb,7.990.000₫,8 GB,128 GB,Exynos 9611 8 nhân,Super AMOLED,"Chính 48 MP & Phụ 12 MP, 5 MP, 5 MP",32 MP,Dài 158.4 mm - Ngang 73.7 mm - Dày 7.9 mm,Có,04/2020,3.055045871559633,Có (microphone chuyên dụng chống ồn)
65,229003,https://www.dienmayxanh.com/dien-thoai/oneplus-nord-n10-5g,,,,,,,,,,,0.0,
66,214645,https://www.dienmayxanh.com/dien-thoai/realme-6-pro,6.990.000₫,8 GB,128 GB,Snapdragon 720G 8 nhân,IPS LCD,"Chính 64 MP & Phụ 12 MP, 8 MP, 2 MP",Chính 16 MP & Phụ 8 MP,Dài 163.8 mm - Ngang 75.8 mm - Dày 8.9 mm,Có,04/2020,3.857142857142857,Có (microphone chuyên dụng chống ồn)
67,211570,https://www.dienmayxanh.com/dien-thoai/samsung-galaxy-a51,7.990.000₫ ,6 GB,128 GB,Exynos 9611 8 nhân,Super AMOLED,"Chính 48 MP & Phụ 12 MP, 5 MP, 5 MP",32 MP,Dài 158.4 mm - Ngang 73.7 mm - Dày 7.9 mm,Có,12/2019,3.0620689655172413,Có (microphone chuyên dụng chống ồn)
68,220977,https://www.dienmayxanh.com/dien-thoai/vivo-v19-neo,7.490.000₫ ,8 GB,128 GB,Snapdragon 675 8 nhân,Super AMOLED,"Chính 48 MP & Phụ 8 MP, 2 MP, 2 MP",32 MP,Dài 159.01 mm - Ngang 74.17 mm - Dày 8.54 mm,,05/2020,4.108108108108108,Có
69,228530,https://www.dienmayxanh.com/dien-thoai/vsmart-aris,5.490.000₫,6 GB,64 GB,Snapdragon 730 8 nhân,AMOLED,"Chính 64 MP & Phụ 8 MP, 8 MP, 2 MP",20 MP,Dài 156.2 mm - Ngang 75.04 mm - Dày 8.55 mm,Có,09/2020,3.8153846153846156,Có
70,230413,https://www.dienmayxanh.com/dien-thoai/vsmart-aris-8gb-128gb,7.490.000₫ ,8 GB,128 GB,Snapdragon 730 8 nhân,AMOLED,"Chính 64 MP & Phụ 8 MP, 8 MP, 2 MP",20 MP,Dài 156.2 mm - Ngang 75.04 mm - Dày 8.55 mm,Có,11/2020,3.9473684210526314,Có
71,229056,https://www.dienmayxanh.com/dien-thoai/oppo-a93,6.990.000₫,8 GB,128 GB,MediaTek Helio P95 8 nhân,AMOLED,"Chính 48 MP & Phụ 8 MP, 2 MP, 2 MP",Chính 16 MP & Phụ 2 MP,Dài 160.1 mm - Ngang 73.77 mm - Dày 7.48 mm,Có,09/2020,4.102857142857143,Có
72,228141,https://www.dienmayxanh.com/dien-thoai/vivo-v20-se,6.990.000₫ ,8 GB,128 GB,Snapdragon 665 8 nhân,AMOLED,"Chính 48 MP & Phụ 8 MP, 2 MP",32 MP,Dài 161 mm - Ngang 74.08 mm - Dày 7.83 mm,Có,11/2020,4.75,Có
73,207641,https://www.dienmayxanh.com/dien-thoai/samsung-galaxy-a50s,6.490.000₫ ,4 GB,64 GB,Exynos 9610 8 nhân,Super AMOLED,"Chính 48 MP & Phụ 8 MP, 5 MP",32 MP,Dài 158.5 mm - Ngang 74.5 mm - Dày 7.7 mm,Có,09/2019,3.018140589569161,Có (microphone chuyên dụng chống ồn)
74,227731,https://www.dienmayxanh.com/dien-thoai/realme-7,6.990.000₫ ,8 GB,128 GB,MediaTek Helio G95 8 nhân,IPS LCD,"Chính 64 MP & Phụ 8 MP, 2 MP, 2 MP",16 MP,Dài 162.3 mm - Ngang 75.4 mm - Dày 9.4 mm,,09/2020,3.7888888888888888,Có
75,207641,https://www.dienmayxanh.com/dien-thoai/samsung-galaxy-a50s,6.490.000₫ ,4 GB,64 GB,Exynos 9610 8 nhân,Super AMOLED,"Chính 48 MP & Phụ 8 MP, 5 MP",32 MP,Dài 158.5 mm - Ngang 74.5 mm - Dày 7.7 mm,Có,09/2019,3.018140589569161,Có (microphone chuyên dụng chống ồn)
76,227900,https://www.dienmayxanh.com/dien-thoai/xiaomi-poco-x3,6.990.000₫ ,6 GB,128 GB,Snapdragon 732G 8 nhân,IPS LCD,"Chính 64 MP & Phụ 13 MP, 2 MP, 2 MP",20 MP,Dài 165.3 mm - Ngang 76.8 mm - Dày 9.4 mm,Có,09/2020,4.192771084337349,Có
77,213591,https://www.dienmayxanh.com/dien-thoai/oppo-reno3,6.990.000₫ ,8 GB,128 GB,MediaTek Helio P90 8 nhân,AMOLED,"Chính 48 MP & Phụ 13 MP, 8 MP, 2 MP",44 MP,Dài 160.2 mm - Ngang 73.3 mm - Dày 7.9 mm,Có,04/2020,3.463157894736842,Có (microphone chuyên dụng chống ồn)
78,216174,https://www.dienmayxanh.com/dien-thoai/samsung-galaxy-a31,6.690.000₫,6 GB,128 GB,MediaTek MT6768 8 nhân (Helio P65),Super AMOLED,"Chính 48 MP & Phụ 8 MP, 5 MP, 5 MP",20 MP,Dài 159.3 mm - Ngang 73.1 mm - Dày 8.6 mm,Có,04/2020,3.239819004524887,Có (microphone chuyên dụng chống ồn)
79,221817,https://www.dienmayxanh.com/dien-thoai/xiaomi-redmi-note-9-pro,5.490.000₫,6 GB,64 GB,Snapdragon 720G 8 nhân,IPS LCD,"Chính 64 MP & Phụ 8 MP, 5 MP, 2 MP",16 MP,Dài 165.7 mm - Ngang 76.68 mm - Dày 8.8 mm,,05/2020,3.5166666666666666,Có
80,227688,https://www.dienmayxanh.com/dien-thoai/realme-7i,5.590.000₫,8 GB,128 GB,Snapdragon 662 8 nhân,IPS LCD,"Chính 64 MP & Phụ 8 MP, 2 MP, 2 MP",16 MP,Dài 164.1 mm - Ngang 75.5 mm - Dày 8.5 mm,Có,10/2020,4.0,Có
81,219913,https://www.dienmayxanh.com/dien-thoai/vivo-y50,5.990.000₫,8 GB,128 GB,Snapdragon 665 8 nhân,IPS LCD,"Chính 13 MP & Phụ 8 MP, 2 MP, 2 MP",16 MP,Dài 162.04 mm - Ngang 76.46 mm - Dày 9.11 mm,Có,04/2020,3.4864864864864864,Có
82,202862,https://www.dienmayxanh.com/dien-thoai/vivo-s1-pro,5.590.000₫,8 GB,128 GB,Snapdragon 665 8 nhân,Super AMOLED,"Chính 48 MP & Phụ 8 MP, 2 MP, 2 MP",32 MP,Dài 159.25 mm - Ngang 75.19 mm - Dày 8.68 mm,Có,11/2019,4.022222222222222,Có
83,214418,https://www.dienmayxanh.com/dien-thoai/xiaomi-redmi-note-8-pro-6gb-128gb,5.490.000₫,6 GB,128 GB,MediaTek Helio G90T 8 nhân,IPS LCD,"Chính 64 MP & Phụ 8 MP, 2 MP, 2 MP",20 MP,Dài 161.3 mm - Ngang 76.4 mm - Dày 8.8 mm,Có,10/2019,3.8540925266903914,Có (microphone chuyên dụng chống ồn)
84,214644,https://www.dienmayxanh.com/dien-thoai/realme-6,5.990.000₫ ,4 GB,128 GB,MediaTek Helio G90T 8 nhân,IPS LCD,"Chính 64 MP & Phụ 8 MP, 2 MP, 2 MP",16 MP,Dài 162.1 mm - Ngang 74.8 mm - Dày 8.9 mm,Có,04/2020,4.108108108108108,Có
85,214924,https://www.dienmayxanh.com/dien-thoai/xiaomi-redmi-note-9s,5.490.000₫,6 GB,128 GB,Snapdragon 720G 8 nhân,IPS LCD,"Chính 48 MP & Phụ 8 MP, 5 MP, 2 MP",16 MP,Dài 165.75 mm - Ngang 76.68 mm - Dày 8.8 mm,Có,03/2020,3.6563169164882225,Có (microphone chuyên dụng chống ồn)
86,219314,https://www.dienmayxanh.com/dien-thoai/samsung-galaxy-a21s,4.890.000₫,6 GB,64 GB,Exynos 850 8 nhân,TFT LCD,"Chính 48 MP & Phụ 8 MP, 2 MP, 2 MP",13 MP,Dài 163.6 mm - Ngang 75.3 mm - Dày 8.9 mm,Có,05/2020,2.712041884816754,Có
87,204404,https://www.dienmayxanh.com/dien-thoai/samsung-galaxy-a20s,5.690.000₫ ,4 GB,64 GB,Snapdragon 450 8 nhân,IPS LCD,"Chính 13 MP & Phụ 8 MP, 5 MP",8 MP,Dài 163.3 mm - Ngang 77.5 mm - Dày 8 mm,Có,10/2019,3.121212121212121,Có (microphone chuyên dụng chống ồn)
88,218662,https://www.dienmayxanh.com/dien-thoai/oppo-a31-2020-128gb,5.290.000₫ ,6 GB,128 GB,MediaTek Helio P35 8 nhân,IPS LCD,"Chính 12 MP & Phụ 2 MP, 2 MP",8 MP,Dài 163.9 mm - Ngang 75.5mm - Dày 8.1 mm,Có,02/2020,2.4722222222222223,Có
89,204651,https://www.dienmayxanh.com/dien-thoai/vivo-y19,4.690.000₫,6 GB,128 GB,MediaTek MT6768 8 nhân (Helio P65),IPS LCD,"Chính 16 MP & Phụ 8 MP, 2 MP",16 MP,Dài 162.15 mm - Ngang 76.47 mm - Dày 8.89 mm,Có,11/2019,4.118881118881119,Có
90,214925,https://www.dienmayxanh.com/dien-thoai/xiaomi-redmi-note-9,4.590.000₫,4 GB,128 GB,MediaTek Helio G85 8 nhân,IPS LCD,"Chính 48 MP & Phụ 8 MP, 2 MP, 2 MP",13 MP,Dài 162.3 mm - Ngang 77.2 mm - Dày 8.9 mm,,05/2020,3.532710280373832,Có
91,218360,https://www.dienmayxanh.com/dien-thoai/realme-6i,4.590.000₫,4 GB,128 GB,MediaTek Helio G80 8 nhân,IPS LCD,"Chính 48 MP & Phụ 8 MP, 2 MP, 2 MP",16 MP,Dài 168.4 mm - Ngang 75.4 mm - Dày 9.0 mm,Có,05/2020,3.3125,
92,212374,https://www.dienmayxanh.com/dien-thoai/xiaomi-redmi-note-8-128gb,4.690.000₫,4 GB,128 GB,Snapdragon 665 8 nhân,IPS LCD,"Chính 48 MP & Phụ 8 MP, 2 MP, 2 MP",13 MP,Dài 158.3 mm - Ngang 75.3 mm - Dày 8.4 mm,Có,10/2019,3.0930232558139537,Có (microphone chuyên dụng chống ồn)
93,228376,https://www.dienmayxanh.com/dien-thoai/vivo-y20s,4.690.000₫,6 GB,128 GB,Snapdragon 460 8 nhân,IPS LCD,"Chính 13 MP & Phụ 2 MP, 2 MP",8 MP,Dài 164.41 mm - Ngang 76.32 mm - Dày 8.41 mm,Có,09/2020,3.1739130434782608,Có
94,227529,https://www.dienmayxanh.com/dien-thoai/vsmart-live-4-6gb,4.490.000₫ ,6 GB,64 GB,Snapdragon 675 8 nhân,LTPS IPS LCD,"Chính 48 MP & Phụ 8 MP, 5 MP, 2 MP",13 MP,Dài 162.4 mm - Ngang 76.5 mm - Dày 8.9 mm,Có,08/2020,3.831111111111111,Có
95,222512,https://www.dienmayxanh.com/dien-thoai/samsung-galaxy-a21s-3gb,3.890.000₫,3 GB,32 GB,Exynos 850 8 nhân,TFT LCD,"Chính 48 MP & Phụ 8 MP, 2 MP, 2 MP",13 MP,Dài 163.6 mm - Ngang 75.3 mm - Dày 8.9 mm,Có,05/2020,3.5806451612903225,Có
96,209535,https://www.dienmayxanh.com/dien-thoai/xiaomi-redmi-note-8,4.090.000₫,4 GB,64 GB,Snapdragon 665 8 nhân,IPS LCD,"Chính 48 MP & Phụ 8 MP, 2 MP, 2 MP",13 MP,Dài 158.3 mm - Ngang 75.3 mm - Dày 8.4 mm,Có,10/2019,3.4240506329113924,Có (microphone chuyên dụng chống ồn)
97,222585,https://www.dienmayxanh.com/dien-thoai/vivo-y30,4.490.000₫ ,4 GB,128 GB,MediaTek Helio P35 8 nhân,IPS LCD,"Chính 13 MP & Phụ 8 MP, 2 MP, 2 MP",8 MP,Dài 162.04 mm - Ngang 76.46 mm - Dày 9.11 mm,Có,06/2020,3.0476190476190474,Có
98,227295,https://www.dienmayxanh.com/dien-thoai/oppo-a53-2020,4.090.000₫,4 GB,128 GB,Snapdragon 460 8 nhân,IPS LCD,"Chính 13 MP & Phụ 2 MP, 2 MP",16 MP,Dài 163.9 mm - Ngang 75.1 mm - Dày 8.4 mm,Có,08/2020,3.3908045977011496,Có
99,209535,https://www.dienmayxanh.com/dien-thoai/xiaomi-redmi-note-8,4.090.000₫,4 GB,64 GB,Snapdragon 665 8 nhân,IPS LCD,"Chính 48 MP & Phụ 8 MP, 2 MP, 2 MP",13 MP,Dài 158.3 mm - Ngang 75.3 mm - Dày 8.4 mm,Có,10/2019,3.4240506329113924,Có (microphone chuyên dụng chống ồn)
100,217856,https://www.dienmayxanh.com/dien-thoai/oppo-a31-4gb-128gb,4.090.000₫,4 GB,128 GB,MediaTek Helio P35 8 nhân,IPS LCD,"Chính 12 MP & Phụ 2 MP, 2 MP",8 MP,Dài 163.9 mm - Ngang 75.5mm - Dày 8.3 mm,Có,02/2020,2.9027777777777777,Có
101,211644,https://www.dienmayxanh.com/dien-thoai/samsung-galaxy-a20s-32gb,4.290.000₫ ,3 GB,32 GB,Snapdragon 450 8 nhân,IPS LCD,"Chính 13 MP & Phụ 8 MP, 5 MP",8 MP,Dài 163.3 mm - Ngang 77.5 mm - Dày 8 mm,Có,10/2019,2.7865168539325844,Có (microphone chuyên dụng chống ồn)
102,226436,https://www.dienmayxanh.com/dien-thoai/vsmart-live-4,4.490.000₫ ,4 GB,64 GB,Snapdragon 675 8 nhân,LTPS IPS LCD,"Chính 48 MP & Phụ 8 MP, 5 MP, 2 MP",13 MP,Dài 162.4 mm - Ngang 76.5 mm - Dày 8.9 mm,Có,08/2020,3.7660818713450293,Có
103,230630,https://www.dienmayxanh.com/dien-thoai/vivo-y12s-4gb-128gb,3.890.000₫,4 GB,128 GB,MediaTek Helio P35 8 nhân,IPS LCD,Chính 13 MP & Phụ 2 MP,8 MP,Dài 164.41 mm - Ngang 76.32 mm - Dày 8.41 mm,Có,11/2020,4.0,Có
104,228151,https://www.dienmayxanh.com/dien-thoai/samsung-galaxy-a12,4.090.000₫,4 GB,128 GB,MediaTek Helio G35 8 nhân,PLS TFT LCD,"Chính 48 MP & Phụ 5 MP, 2 MP, 2 MP",8 MP,Dài 164 mm - Ngang 75.8 mm - Dày 8.9 mm,Đang cập nhật,12/2020,3.6,
105,226226,https://www.dienmayxanh.com/dien-thoai/realme-c15,3.490.000₫,4 GB,64 GB,Snapdragon 460 8 nhân,IPS LCD,"Chính 13 & Phụ 8 MP, 2 MP, 2 MP",8 MP,Dài 164.5 mm - Ngang 75.9 mm - Dày 9.8 mm,Có,11/2020,4.663043478260869,
106,227525,https://www.dienmayxanh.com/dien-thoai/vivo-y20,3.590.000₫,4 GB,64 GB,Snapdragon 460 8 nhân,IPS LCD,"Chính 13 MP & Phụ 2 MP, 2 MP",8 MP,Dài 164.41 mm - Ngang 76.32 mm - Dày 8.41 mm,Có,08/2020,3.813953488372093,Có
107,231992,https://www.dienmayxanh.com/dien-thoai/vsmart-joy-4-6gb,3.590.000₫,6 GB,64 GB,Snapdragon 665 8 nhân,LTPS IPS LCD,"Chính 16 MP & Phụ 8 MP, 2 MP, 2 MP",13 MP,Dài 163.65 mm - Ngang 77.65 mm - Dày 9.15 mm,Có,12/2020,4.1875,Có
108,217438,https://www.dienmayxanh.com/dien-thoai/vsmart-active-3-6gb,3.990.000₫ ,6 GB,64 GB,MediaTek Helio P60 8 nhân,AMOLED,"Chính 48 MP & Phụ 8 MP, 2 MP",16 MP,Dài 166.25 mm - Ngang 75.62 mm - Dày 8.83 mm,Có,01/2020,3.5637450199203187,Có (microphone chuyên dụng chống ồn)
109,212247,https://www.dienmayxanh.com/dien-thoai/xiaomi-redmi-note-8-32gb,3.890.000₫,3 GB,32 GB,Snapdragon 665 8 nhân,IPS LCD,"Chính 48 MP & Phụ 8 MP, 2 MP, 2 MP",13 MP,Dài 158.3 mm - Ngang 75.3 mm - Dày 8.4 mm,Có,10/2019,2.7901785714285716,Có (microphone chuyên dụng chống ồn)
110,211156,https://www.dienmayxanh.com/dien-thoai/vivo-u10,3.390.000₫,4 GB,64 GB,Snapdragon 665 AIE 8 nhân,IPS LCD,"Chính 13 MP & Phụ 8 MP, 2 MP",8 MP,Dài 159.43 mm - Ngang 76.77 mm - Dày 8.92 mm,Có,02/2019,4.169082125603865,Có (microphone chuyên dụng chống ồn)
111,217331,https://www.dienmayxanh.com/dien-thoai/realme-5i-4gb,3.390.000₫,4 GB,64 GB,Snapdragon 665 AIE 8 nhân,IPS LCD,"Chính 12 MP & Phụ 8 MP, 2 MP, 2 MP",8 MP,Dài 164.4 mm - Ngang 75 mm - Dày 9.3 mm,Có,01/2020,3.3,Có
112,216173,https://www.dienmayxanh.com/dien-thoai/samsung-galaxy-a11,3.490.000₫,3 GB,32 GB,Snapdragon 450 8 nhân,PLS TFT LCD,"Chính 13 MP & Phụ 5 MP, 2 MP",8 MP,Dài 161.4 mm - Ngang 76.3 mm - Dày 8.0 mm,Có,04/2020,3.185840707964602,Có (microphone chuyên dụng chống ồn)
113,227626,https://www.dienmayxanh.com/dien-thoai/nokia-34,3.590.000₫,4 GB,64 GB,Snapdragon 460 8 nhân,IPS LCD,"Chính 13 MP & Phụ 5 MP, 2 MP",8 MP,Dài 160.97 mm - Ngang 75.99 mm - Dày 8.7 mm,Có,12/2020,2.7142857142857144,
114,225176,https://www.dienmayxanh.com/dien-thoai/realme-c3-64gb,3.490.000₫,3 GB,64 GB,MediaTek Helio G70 8 nhân,IPS LCD,"Chính 12 MP & Phụ 2 MP, 2 MP",5 MP,Dài 164.4 mm - Ngang 75 mm - Dày 8.95 mm,Có,06/2020,3.6944444444444446,Có
115,224290,https://www.dienmayxanh.com/dien-thoai/xiaomi-redmi-9-3gb,3.490.000₫,3 GB,32 GB,MediaTek Helio G80 8 nhân,IPS LCD,"Chính 13 MP & Phụ 8 MP, 5 MP, 2 MP",8 MP,Dài 163.32 mm - Ngang 77.1 mm - Dày 9.1 mm,Có,06/2020,3.46875,Có (microphone chuyên dụng chống ồn)
116,221926,https://www.dienmayxanh.com/dien-thoai/huawei-y6p,2.990.000₫,4 GB,64 GB,MediaTek MT6762R 8 nhân,IPS LCD,"Chính 13 MP & Phụ 5 MP, 2 MP",8 MP,Dài 159.07 mm - Ngang 74.06 mm - Dày 9.04 mm,Có,05/2020,4.0,Có
117,229885,https://www.dienmayxanh.com/dien-thoai/oppo-a15,3.490.000₫ ,3 GB,32 GB,MediaTek Helio P35 8 nhân,IPS LCD,"Chính 13 MP & Phụ 2 MP, 2 MP",8 MP,Dài 164 mm - Ngang 75.4 mm - Dày 7.9 mm,Đang cập nhật,12/2020,4.5,
118,226733,https://www.dienmayxanh.com/dien-thoai/realme-c12,3.490.000₫ ,3 GB,32 GB,MediaTek Helio G35 8 nhân,IPS LCD,"Chính 13 MP & Phụ 2 MP, 2 MP",5 MP,Dài 164.5 mm - Ngang 75.9 mm - Dày 9.8 mm,,08/2020,4.222222222222222,Có
119,228360,https://www.dienmayxanh.com/dien-thoai/vsmart-joy-4,3.290.000₫ ,3 GB,64 GB,Snapdragon 665 8 nhân,LTPS IPS LCD,"Chính 16 MP & Phụ 8 MP, 2 MP, 2 MP",13 MP,Dài 163.65 mm - Ngang 77.65 mm - Dày 9.15 mm,Có,09/2020,3.735294117647059,Có
120,219208,https://www.dienmayxanh.com/dien-thoai/vsmart-joy-3-4gb,3.340.000₫,4 GB,64 GB,Snapdragon 632 8 nhân,IPS LCD,"Chính 13 MP & Phụ 8 MP, 2 MP",8 MP,Dài 165.13 mm - Ngang 76.4 mm - Dày 9.19 mm,Có,03/2020,3.2563025210084033,Có (microphone chuyên dụng chống ồn)
121,218361,https://www.dienmayxanh.com/dien-thoai/realme-c3,2.990.000₫ ,3 GB,32 GB,MediaTek Helio G70 8 nhân,IPS LCD,"Chính 12 MP & Phụ 2 MP, 2 MP",5 MP,Dài 164.4 mm - Ngang 75 mm - Dày 8.95 mm,Có,02/2020,3.615819209039548,Có
122,220092,https://www.dienmayxanh.com/dien-thoai/oppo-a12,2.990.000₫ ,3 GB,32 GB,MediaTek Helio P35 8 nhân,IPS LCD,Chính 13 MP & Phụ 2 MP,5 MP,Dài 155.9 mm - Ngang 75.5 mm - Dày 8.3 mm,Có,04/2020,3.09375,Có
123,226321,https://www.dienmayxanh.com/dien-thoai/xiaomi-redmi-9c-3gb,2.990.000₫ ,3 GB,64 GB,MediaTek Helio G35 8 nhân,IPS LCD,"Chính 13 MP & Phụ 2 MP, 2 MP",5 MP,Dài 164.9 mm - Ngang 77.07 mm - Dày 9.0 mm,Có,07/2020,3.764705882352941,Có
124,212357,https://www.dienmayxanh.com/dien-thoai/vivo-y11,2.990.000₫ ,3 GB,32 GB,Snapdragon 439 8 nhân,IPS LCD,Chính 13 MP & Phụ 2 MP,8 MP,Dài 159.43 mm - Rộng 76.77 mm - Dày 8.92 mm,Có,10/2019,4.412844036697248,Có
125,219477,https://www.dienmayxanh.com/dien-thoai/nokia-53,2.990.000₫ ,3 GB,64 GB,Snapdragon 665 8 nhân,IPS LCD,"Chính 13 MP & Phụ 5 MP, 2 MP, 2 MP",8 MP,Dài 164.28 mm - Ngang 76.62 mm - Dày 8.5 mm,Có,05/2020,3.6455696202531644,
126,214908,https://www.dienmayxanh.com/dien-thoai/samsung-galaxy-a01,2.050.000₫ ,2 GB,16 GB,Snapdragon 439 8 nhân,PLS TFT LCD,Chính 13 MP & Phụ 2 MP,5 MP,Dài 146.2 mm - Ngang 70.9 mm - Dày 8.3 mm,Có,01/2020,3.0476190476190474,Có
127,225851,https://www.dienmayxanh.com/dien-thoai/vivo-y1s,2.490.000₫,2 GB,32 GB,MediaTek Helio P35 8 nhân,IPS LCD,13 MP,5 MP,Dài 155.11 mm - Ngang 75.09 mm - Dày 8.28 mm,Có,07/2020,4.5,Có
128,224967,https://www.dienmayxanh.com/dien-thoai/realme-c11,2.490.000₫,2 GB,32 GB,MediaTek Helio G35 8 nhân,IPS LCD,Chính 13 MP & Phụ 2 MP,5 MP,Dài 164.4 mm - Ngang 75.9 mm - Dày 9.1 mm,Có,07/2020,2.4878048780487805,Có
129,217920,https://www.dienmayxanh.com/dien-thoai/vsmart-joy-3,2.490.000₫,3 GB,32 GB,Snapdragon 632 8 nhân,IPS LCD,"Chính 13 MP & Phụ 8 MP, 2 MP",8 MP,Dài 165.13 mm - Ngang 76.4 mm - Dày 9.19 mm,Có,02/2020,3.49718574108818,Có (microphone chuyên dụng chống ồn)
130,226218,https://www.dienmayxanh.com/dien-thoai/nokia-24,2.490.000₫,2 GB,32 GB,MediaTek MT6762 8 nhân (Helio P22),TFT LCD,Chính 13 MP & Phụ 2 MP,5 MP,Dài 165.85 mm - Ngang 76.30 mm - Dày 8.69 mm,Có,10/2020,3.7142857142857144,
131,225158,https://www.dienmayxanh.com/dien-thoai/vsmart-star-4-3gb,2.490.000₫ ,3 GB,32 GB,MediaTek Helio P35 8 nhân,IPS LCD,Chính 8 MP & Phụ 5 MP,8 MP,Dài 156.24 mm - Ngang 74 mm - Dày 8.8 mm,Có,07/2020,3.5555555555555554,Có
132,223814,https://www.dienmayxanh.com/dien-thoai/xiaomi-redmi-9c,2.490.000₫ ,2 GB,32 GB,MediaTek Helio G35 8 nhân,IPS LCD,"Chính 13 MP & Phụ 2 MP, 2 MP",5 MP,Dài 164.9 mm - Ngang 77.07 mm - Dày 9.0 mm,Có,07/2020,3.4545454545454546,Có
133,224949,https://www.dienmayxanh.com/dien-thoai/vsmart-star-4,2.490.000₫ ,2 GB,32 GB,MediaTek Helio P35 8 nhân,IPS LCD,Chính 8 MP & Phụ 5 MP,8 MP,Dài 156.24 mm - Ngang 74 mm - Dày 8.8 mm,Có,07/2020,3.0,Có
134,226357,https://www.dienmayxanh.com/dien-thoai/vsmart-star-4-16gb,1.790.000₫ ,2 GB,16 GB,MediaTek Helio P35 8 nhân,IPS LCD,Chính 8 MP & Phụ 5 MP,8 MP,Dài 156.24 mm - Ngang 74 mm - Dày 8.8 mm,Có,07/2020,4.571428571428571,Có
135,218734,https://www.dienmayxanh.com/dien-thoai/xiaomi-redmi-9a,1.590.000₫,2 GB,32 GB,MediaTek Helio G25 8 nhân,IPS LCD,13 MP,5 MP,Dài 164.9 mm - Ngang 77.07 mm - Dày 9 mm,Có,07/2020,4.317460317460317,Có
136,210476,https://www.dienmayxanh.com/dien-thoai/itel-s15-pro,2.290.000₫ ,2 GB,32 GB,CPU 8 nhân,IPS LCD,"Chính 8 MP & Phụ VGA, VGA",16 MP,Dài 156.7 mm - Ngang 74.7 mm - Dày 8.9 mm,Có,09/2019,3.8518518518518516,Có
137,230812,https://www.dienmayxanh.com/dien-thoai/nokia-8000-4g,1.690.000₫ ,512 MB,4 GB,Snapdragon 210 4 nhân,TFT LCD,2 MP,,Dài 132.2 mm - Ngang 56.5 mm - Dày 12.3 mm,Có,11/2020,3.1666666666666665,Có
138,219799,https://www.dienmayxanh.com/dien-thoai/nokia-c2,1.590.000₫ ,1 GB,16 GB,Spreadtrum SC9832E 4 nhân,IPS LCD,5 MP,5 MP,Dài 154.8 mm - Ngang 75.59 mm - Dày 8.85 mm,Có,04/2020,4.7,
139,216800,https://www.dienmayxanh.com/dien-thoai/vsmart-bee-3,1.690.000₫ ,2 GB,16 GB,MediaTek MT6739WW 4 nhân,IPS LCD,8 MP,5 MP,Dài 163.6 mm - Ngang 77.2 mm - Dày 9.1 mm,Có,12/2019,3.471264367816092,Có
140,230813,https://www.dienmayxanh.com/dien-thoai/nokia-6300-4g,990.000₫ ,512 MB,4 GB,Snapdragon 210 4 nhân,TFT LCD,VGA (480 x 640 pixels),,Dài 131.4 mm - Ngang 53 mm - Dày 13.7 mm,Có,11/2020,2.4285714285714284,Có
141,101850,https://www.dienmayxanh.com/dien-thoai/nokia-230-khong-the,1.000.000₫ ,,,,TFT LCD,2 MP,2 MP,Dài 124.6 mm - Ngang 53.4 mm - Dày 10.9 mm,Có,5/2017,4.436781609195402,Có
142,225154,https://www.dienmayxanh.com/dien-thoai/masstel-hapi-10-fami,1.290.000₫ ,2 GB,16 GB,MediaTek MT6739 4 nhân,IPS LCD,5 MP,5 MP,Dài 143 mm - Ngang 71.5 mm - Dày 8.9 mm,Có,06/2020,5.0,Có
143,220204,https://www.dienmayxanh.com/dien-thoai/nokia-5310-2020,1.250.000₫ ,,,,TFT LCD,VGA (480 x 640 pixels),,Dài 123.7 mm - Ngang 52.4 mm - Dày 13.1 mm,Có,03/2020,3.1025641025641026,
144,212228,https://www.dienmayxanh.com/dien-thoai/masstel-x5-fami,790.000₫,1 GB,8 GB,Spreadtrum SC7731E 4 nhân,IPS LCD,8 MP,5 MP,Dài 148 mm - Ngang 71 mm - Dày 8.8 mm,Có,08/2019,5.0,Có
145,206083,https://www.dienmayxanh.com/dien-thoai/itel-alpha-lite,990.000₫ ,1 GB,8 GB,Spreadtrum SC7731E 4 nhân,TFT LCD,5 MP,2 MP,Dài 145 mm - Ngang 73.9 mm - Dày 9.75 mm,Có,07/2019,4.090909090909091,Có
146,228515,https://www.dienmayxanh.com/dien-thoai/mobell-p41,790.000₫,1 GB,8 GB,MediaTek MT6580A 4 nhân,IPS LCD,5 MP,2 MP,Dài 152.5 mm - Ngang 71 mm - Dày 10.4 mm,Có,09/2020,4.142857142857143,Có
147,227009,https://www.dienmayxanh.com/dien-thoai/energizer-e241s,790.000₫ ,,4 GB,,TFT LCD,QVGA (320 x 240 pixels),VGA (0.3 MP),Dài 125.3 mm - Ngang 54 mm - Dày 14.5 mm,Có,08/2020,3.0526315789473686,
148,232657,https://www.dienmayxanh.com/dien-thoai/itel-it9200,790.000₫ ,512 MB,4 GB,Spreadtrum SC9820E 2 nhân,TFT LCD,0.3 MP,VGA (0.3 MP),Dài 129 mm - Ngang 56 mm - Dày 15 mm,Có,12/2020,0.0,
149,200041,https://www.dienmayxanh.com/dien-thoai/nokia-210,790.000₫ ,,,,TFT LCD,0.3 MP,,Dài 120.8 mm - Ngang 53.5 mm - Dày 13.8 mm,Có,03/2019,3.861111111111111,
150,228366,https://www.dienmayxanh.com/dien-thoai/nokia-215,790.000₫ ,,,,TFT LCD,,,Dài 124.7 mm - Ngang 51.0 - Dày 13.7 mm,Có,11/2020,4.0,
151,223115,https://www.dienmayxanh.com/dien-thoai/nokia-150-2020,480.000₫ ,,,,TFT LCD,VGA (480 x 640 pixels),,Dài 132 mm - Rộng 50.5 mm - Dày 15 mm,Có,05/2020,3.5454545454545454,
152,227008,https://www.dienmayxanh.com/dien-thoai/energizer-e20,590.000₫ ,,,,TFT LCD,0.3 MP,,Dài 102.5 mm - Ngang 51.5 mm - Dày 17.8 mm,Có,08/2020,3.75,
153,195136,https://www.dienmayxanh.com/dien-thoai/mobell-s41,590.000₫ ,1 GB,8 GB,MediaTek MT6580M 4 nhân,LCD,5 MP,2 MP,Dài 144.2 mm - Ngang 73.6 mm - Dày 10.1 mm,Có,11/2018,3.9375,Có
154,227007,https://www.dienmayxanh.com/dien-thoai/energizer-p20,650.000₫ ,,,,TFT LCD,0.3 MP,,Dài 136.5 mm - Ngang 55 mm - Dày 17.5 mm,Có,08/2020,3.0,
155,220171,https://www.dienmayxanh.com/dien-thoai/masstel-fami-p20,590.000₫ ,,,,TFT LCD,0.08 MP,,Dài 122 mm - Ngang 57 mm - Dày 15.3 mm,Có,04/2020,1.0,
156,232370,https://www.dienmayxanh.com/dien-thoai/masstel-play-50,490.000₫ ,,,,TFT LCD,0.08 MP,,Dài 130 mm - Ngang 61 mm - Dày 22 mm,FM không cần tai nghe,12/2020,0.0,Có
157,112837,https://www.dienmayxanh.com/dien-thoai/mobell-rock-3,480.000₫ ,,,,TFT LCD,0.08 MP,,Dài 135 mm - Ngang 64 mm - Dày 28.5 mm,Có,8/2017,4.292929292929293,Có
158,227006,https://www.dienmayxanh.com/dien-thoai/energizer-e100,500.000₫ ,,,,TFT LCD,0.3 MP,,Dài 129 mm - Ngang 63 mm - Dày 15 mm,Có,08/2020,4.5,
159,209788,https://www.dienmayxanh.com/dien-thoai/nokia-110-2019,490.000₫ ,,,,TFT LCD,QVGA (320 x 240 pixels),,Dài 115.2 mm - Ngang 49.9 mm - Dày 14.3 mm,Có,10/2019,3.1904761904761907,
160,142346,https://www.dienmayxanh.com/dien-thoai/mobell-m529,450.000₫ ,,,,TFT LCD,VGA (480 x 640 pixels),,Dài 131.5 mm - Ngang 55.9 mm - Dày 11.9 mm,Có,12/2017,4.486486486486487,
161,196890,https://www.dienmayxanh.com/dien-thoai/mobell-m729,450.000₫ ,,,,TFT LCD,0.3 MP,,Dài 104.4 mm - Ngang 51.5 mm - Dày 16.2 mm,Có,12/2018,3.5454545454545454,Có
162,212227,https://www.dienmayxanh.com/dien-thoai/masstel-izi-300,390.000₫ ,,,,TFT LCD,0.08 MP,,Dài 127 mm - Ngang 53 mm - Dày 14.5 mm,Có,10/2019,4.153846153846154,Có
163,228570,https://www.dienmayxanh.com/dien-thoai/itel-it6131,350.000₫ ,,,,TFT LCD,0.3 MP,,Dài 127 mm - Ngang 52.5 mm - Dày 10.3 mm,FM không cần tai nghe,09/2020,4.857142857142857,
164,77857,https://www.dienmayxanh.com/dien-thoai/mobell-m389,390.000₫ ,,,,TFT LCD,VGA (480 x 640 pixels),,Dài 121.2 mm - Ngang 52 mm - Dày 13.7 mm,Có,6/2016,4.427272727272728,Có
165,215831,https://www.dienmayxanh.com/dien-thoai/itel-it2590,390.000₫ ,,,,TFT LCD,0.3 MP,,Dài 124 mm - Ngang 59 mm - Dày 14.3 mm,Có,12/2019,3.9583333333333335,Có
166,207957,https://www.dienmayxanh.com/dien-thoai/nokia-105-2019,360.000₫ ,,,,TFT LCD,,,Dài 111.9 mm - Ngang 49.2 mm - Dày 14.4 mm,Có,09/2019,3.7346938775510203,
167,210659,https://www.dienmayxanh.com/dien-thoai/itel-it5092,360.000₫ ,,,,,0.08 MP,,Dài 133.5 mm - Ngang 56.5 mm - Dày 16.9 mm,Có,09/2019,4.672413793103448,Có
168,211934,https://www.dienmayxanh.com/dien-thoai/nokia-105-single-sim-2019,350.000₫ ,,,,TFT LCD,,,Dài 111.9 mm - Ngang 49.2 mm - Dày 14.4 mm,Có,09/2019,3.2,
169,228569,https://www.dienmayxanh.com/dien-thoai/itel-it5071,400.000₫ ,,,,TFT LCD,0.08 MP,,Dài 131.5 mm - Ngang 55 mm - Dày 13.5 mm,FM không cần tai nghe,09/2020,4.615384615384615,
170,226346,https://www.dienmayxanh.com/dien-thoai/masstel-izi-230,360.000₫ ,,,,TFT LCD,0.08 MP,,Dài 125 mm - Ngang 53 mm - Dày 13.3 mm,FM không cần tai nghe,07/2020,3.75,Có
171,212190,https://www.dienmayxanh.com/dien-thoai/masstel-izi-206,290.000₫ ,,,,TFT LCD,0.08 MP,,Dài 126 mm - Ngang 52.6 mm - Dày 13.5 mm,Có,10/2019,4.5,Có
172,139913,https://www.dienmayxanh.com/dien-thoai/mobell-m339,290.000₫ ,,,,TFT LCD,VGA (480 x 640 pixels),,Dài 122.4 mm - Ngang 52.5 mm - Dày 13.5 mm,Có,11/2017,4.0,Có
173,200045,https://www.dienmayxanh.com/dien-thoai/itel-it6120,290.000₫ ,,,,TFT LCD,0.3 MP,,Dài 128 mm - Ngang 54 mm - Dày 11.5 mm,Có,03/2019,3.736842105263158,Có
174,227005,https://www.dienmayxanh.com/dien-thoai/energizer-e12,350.000₫ ,,,,TFT LCD,QVGA (320 x 240 pixels),VGA (0.3 MP),Dài 117 mm - Ngang 51 mm - Dày 15 mm,Có,08/2020,3.6666666666666665,
175,204423,https://www.dienmayxanh.com/dien-thoai/itel-it5025,280.000₫ ,,,,TFT LCD,0.3 MP,,Dài 118.5 mm - Ngang 52.5 mm - Dày 12.6 mm,Có,06/2019,3.8095238095238093,Có
176,220181,https://www.dienmayxanh.com/dien-thoai/masstel-izi-200,260.000₫ ,,,,TFT LCD,0.08 MP,,Dài 126 mm - Ngang 53 mm - Dày 13.1 mm,Có,05/2020,4.5,
177,204125,https://www.dienmayxanh.com/dien-thoai/itel-it2171,200.000₫ ,,,,TFT LCD,0.3 MP,,Dài 115.5 mm - Ngang 49.2 mm - Dày 14.3 mm,Có,03/2019,3.8461538461538463,
178,212189,https://www.dienmayxanh.com/dien-thoai/masstel-izi-112,210.000₫ ,,,,TFT LCD,,,Dài 115.6 mm - Ngang 48.5 mm - Dày 14.3 mm,Có,10/2019,3.6666666666666665,Có
179,203509,https://www.dienmayxanh.com/dien-thoai/mobell-m229-2019,190.000₫ ,,,,TFT LCD,0.8 MP,,Dài 113.9 mm - Ngang 47.9 mm - Dày 14.1 mm,Có,05/2019,3.5217391304347827,
180,214765,https://www.dienmayxanh.com/dien-thoai/masstel-izi-120,200.000₫ ,,,,TFT LCD,,,Dài 113 mm - Ngang 47.6 mm - Dày 14.5 mm,Có,11/2019,3.3333333333333335,Có
181,211009,https://www.dienmayxanh.com/dien-thoai/itel-value-100,190.000₫ ,,,,TFT LCD,,,Dài 115 mm - Ngang 49.5 mm - Dày 14.2 mm,Có,09/2019,4.220779220779221,Có
182,85984,https://www.dienmayxanh.com/dien-thoai/mobell-m228,170.000₫ ,,,,TFT LCD,VGA (480 x 640 pixels),,Dài 112.5 mm - Ngang 48.5 mm - Dày 13.7 mm,Có,9/2016,4.601423487544484,
